{"cameraMode":{"drawMode":0,"name":"Shaded","section":"Shading Mode"},"sceneLighting":true,"audioPlay":false,"sceneViewState":{"m_AlwaysRefresh":false,"showFog":true,"showSkybox":true,"showFlares":true,"showImageEffects":true,"showParticleSystems":true,"showVisualEffectGraphs":true,"m_FxEnabled":true},"in2DMode":false,"pivot":{"x":3.276318311691284,"y":10.931462287902832,"z":-16.55941390991211},"rotation":{"x":-0.1630646139383316,"y":-0.012729744426906109,"z":0.0021040805149823429,"w":-0.9865317344665527},"size":0.12225225567817688,"orthographic":false}